"Comment","Designator","Footprint","LCSC"
"0.1uf","C1","Connector_JST:JST_VH_B2P-VH_1x02_P3.96mm_Vertical","C14663"
"0.1uf","C2, C3, C4, C5","Capacitor_SMD:C_0603_1608Metric","C14663"
"200u","C6","Capacitor_SMD:CP_Elec_5x5.9","C2887271"
"1uf","C7","Capacitor_SMD:C_0805_2012Metric","C28323"
"DRV8432DKD","IC1","SamacSys_Parts:SOP65P1420X360-36N",""
"Conn_01x06_Female","J1, J2","Connector_PinHeader_2.54mm:PinHeader_1x06_P2.54mm_Vertical",""
"47k","R1","Resistor_SMD:R_0603_1608Metric","C25819"
"1","R2","Resistor_SMD:R_0603_1608Metric","C22936"
"10k","R3","Resistor_SMD:R_0603_1608Metric","C25804"
